DISTRIBUTED,CC_ALG,NUM_NODES,NUM_STORAGE_NODES,ISOLATION_LEVEL,NUM_WORKER_THREADS,NUM_RPC_SERVER_THREADS,MAX_NUM_ACTIVE_TXNS,DEBUG_PRINT,LOG_LOCAL,LOG_REMOTE,LOG_DEVICE,COMMIT_ALG,WORKLOAD,ZIPF_THETA,READ_PERC,REQ_PER_QUERY,RUN_TIME,PERC_REMOTE,SYNTH_TABLE_SIZE,i,MODE,EXP_ID,NODE_TYPE,NODE_ID,Throughput,run_time,dist_txn_latency,time_process_txn,time_idle,time_write_output_queue,log_size,bytes_sent,dummy_bytes_sent,time_send_msg,time_read_queue,time_output_idle,bytes_received,time_recv_msg,time_write_queue,time_input_idle,logging_send_time,logging_commit_time,single_part_execute_phase (in us),single_part_precommit_phase (in us),single_part_log_latency (in us),single_part_commit_phase (in us),single_part_abort (in us),multi_part_execute_phase (in us),multi_part_precommit_phase (in us),multi_part_prepare_phase (in us),multi_part_commit_phase (in us),multi_part_abort (in us),multi_part_cleanup_phase (in us),terminate_time,log_ready_time,dependency_ready_time,CC (row),CC (index),logic,wait,network,cache,time_debug1,time_debug2,time_debug3,time_debug4,time_rpc,time_debug6,time_debug7,log_if_ne,log_if_ne_iso,log_if_ne_data,log_if_ne_data_iso,log_sync,log_sync_data,log_sync_data_iso,log_async,log_async_data,log_async_data_iso,average_READ_REQ_req_latency,max_READ_REQ_req_latency,min_READ_REQ_req_latency,average_PREPARE_REQ_req_latency,max_PREPARE_REQ_req_latency,min_PREPARE_REQ_req_latency,average_COMMIT_REQ_req_latency,max_COMMIT_REQ_req_latency,min_COMMIT_REQ_req_latency,average_ABORT_REQ_req_latency,max_ABORT_REQ_req_latency,min_ABORT_REQ_req_latency,average_SYS_REQ_req_latency,max_SYS_REQ_req_latency,min_SYS_REQ_req_latency,average_LOG_YES_REQ_req_latency,max_LOG_YES_REQ_req_latency,min_LOG_YES_REQ_req_latency,average_LOG_ABORT_REQ_req_latency,max_LOG_ABORT_REQ_req_latency,min_LOG_ABORT_REQ_req_latency,average_LOG_COMMIT_REQ_req_latency,max_LOG_COMMIT_REQ_req_latency,min_LOG_COMMIT_REQ_req_latency,average_TERMINATE_REQ_req_latency,max_TERMINATE_REQ_req_latency,min_TERMINATE_REQ_req_latency,average_MDCC_Phase1a_req_latency,max_MDCC_Phase1a_req_latency,min_MDCC_Phase1a_req_latency,average_MDCC_Phase2a_req_latency,max_MDCC_Phase2a_req_latency,min_MDCC_Phase2a_req_latency,average_MDCC_Phase2aAbort_req_latency,max_MDCC_Phase2aAbort_req_latency,min_MDCC_Phase2aAbort_req_latency,average_MDCC_Phase2bReply_req_latency,max_MDCC_Phase2bReply_req_latency,min_MDCC_Phase2bReply_req_latency,average_MDCC_Phase2bReplyAbort_req_latency,max_MDCC_Phase2bReplyAbort_req_latency,min_MDCC_Phase2bReplyAbort_req_latency,average_MDCC_Propose_req_latency,max_MDCC_Propose_req_latency,min_MDCC_Propose_req_latency,average_MDCC_ProposeFast_req_latency,max_MDCC_ProposeFast_req_latency,min_MDCC_ProposeFast_req_latency,average_MDCC_COMMIT_REQ_req_latency,max_MDCC_COMMIT_REQ_req_latency,min_MDCC_COMMIT_REQ_req_latency,average_MDCC_ABORT_REQ_req_latency,max_MDCC_ABORT_REQ_req_latency,min_MDCC_ABORT_REQ_req_latency,average_MDCC_SINGLEPART_COMMIT_req_latency,max_MDCC_SINGLEPART_COMMIT_req_latency,min_MDCC_SINGLEPART_COMMIT_req_latency,average_MDCC_SINGLEPART_ABORT_req_latency,max_MDCC_SINGLEPART_ABORT_req_latency,min_MDCC_SINGLEPART_ABORT_req_latency,average_log_sync_data,average_log_async,average_prepare_req_cnt,average_prepare_req_size,average_prepare_resp_cnt,average_prepare_resp_size,average_node_communicate,average_dist_latency,average_dist_total_time,average_latency,90%_latency,95%_latency,99%_latency,max_latency,90%_dist_latency,95%_dist_latency,99%_dist_latency,max_dist_latency,num_commits,num_aborts,num_precommits,num_waits,num_single_part_txn,num_multi_part_txn,num_aborts_restart,num_aborts_terminate,num_aborts_local,num_aborts_remote,num_affected_txn,log_num,msg_cnt,msg_size,num_renewals,num_no_need_to_renewal,num_cache_bypass,num_cache_reads,num_cache_hits,num_cache_misses,num_cache_remove,num_cache_inserts,num_cache_updates,num_cache_evictions,num_local_hits,num_renew,num_renew_success,num_renew_failure,num_ro_read,num_ro_check,num_rw_read,num_rw_check,int_debug1,int_debug2,num_prepare,int_debug4,int_debug5,int_debug6,int_urgentwrite,int_aborts_rs1,int_aborts_rs2,int_aborts_rs3,int_aborts_ws1,int_aborts_ws2,int_saved_by_histnum_log_if_ne,num_log_if_ne_iso,num_log_if_ne_data,num_log_if_ne_data_iso,num_log_sync,num_log_sync_data,num_log_sync_data_iso,num_log_async,num_log_async_data,num_log_async_data_iso,,average_log_if_ne_data
true,NO_WAIT,2,2,SERIALIZABLE,8,8,16,false,false,true,LOG_DVC_REDIS,TWO_PC,YCSB,0,0.5,16,30,0.5,10485760,0,release,0,COMPUTE_NODE,1,597.111,240.036,151.294,0,0,0,0,0,0,0,0,0,0,0,0,0,0,0,480.204,0,0,6415.22,0,1572.73,0,4731.66,2140.3,0.432674,4914.11,0,0,0,0,0,0,0,0,0,0,0,0,0,0.000567388,0,239.332,0,0,0,0,0,0.00617773,0,100.313,0,0,3191.84,1.43864e+06,0,-nan,0,0,-nan,0,0,4590.72,1.43796e+06,0,3790.03,12187.8,0,-nan,0,0,4926.44,1.43185e+06,0,-nan,0,0,-nan,0,0,-nan,0,0,-nan,0,0,-nan,0,0,-nan,0,0,-nan,0,0,-nan,0,0,-nan,0,0,0.0588787,462.58,0,inf,1.84467e+16,0,-nan,1.84467e+16,0,0.0528138,2082.72,0,6177.73,1412.82,1,5311.08,1,9160.08,567.388,0.00844512,0.0133593,0.00844503,0.00916124,0.0097372,0.0128329,1.44041,0.00916124,0.0097372,0.0128329,1.44041,17916,1,0,0,1,17915,1,0,1,0,0,0,0,0,0,0,0,0,0,0,0,0,0,0,0,0,0,0,0,0,0,0,0,0,17915,0,0,0,0,0,0,0,0,0,0,0,0,0,0,0,1,0,71002,0,0,
true,NO_WAIT,2,2,SERIALIZABLE,8,8,16,false,false,true,LOG_DVC_REDIS,TWO_PC,YCSB,0,0.5,16,30,0.5,10485760,0,release,0,COMPUTE_NODE,1,592.909,240.037,151.638,0,0,0,0,0,0,0,0,0,0,0,0,0,0,0,403.173,0,0,5315.85,0,1658.3,0,4739.14,2126.11,0.673378,4930.34,0,0,0,0,0,0,0,0,0,0,0,0,0,0.000670933,0,239.345,0,0,0,0,0,0.00516392,0,98.5454,0,0,2693.27,1.3234e+06,0,-nan,0,0,-nan,0,0,4609.24,1.7471e+06,0,3769.25,8799.63,0,-nan,0,0,4943.51,1.74733e+06,0,-nan,0,0,-nan,0,0,-nan,0,0,-nan,0,0,-nan,0,0,-nan,0,0,-nan,0,0,-nan,0,0,-nan,0,0,0.0164283,551.398,0,inf,1.84467e+16,0,-nan,1.84467e+16,0,0.04385,2168.17,0,5163.92,1387.92,1,5311.98,1,9159.76,670.933,0.00852423,0.0134546,0.00852407,0.00905998,0.00963852,0.0126464,1.75159,0.00905998,0.00963852,0.0126464,1.75159,17790,1,0,0,1,17789,1,0,1,0,0,0,0,0,0,0,0,0,0,0,0,0,0,0,0,0,0,0,0,0,0,0,0,0,17789,0,0,0,0,0,0,0,0,0,0,0,0,0,0,0,1,0,71002,0,0,
true,NO_WAIT,2,0,SERIALIZABLE,8,8,16,false,false,true,LOG_DVC_REDIS,TWO_PC,YCSB,0,0.5,16,30,0.5,10485760,0,release,1,COMPUTE_NODE,1,1020.77,240.031,170.727,0,0,0,0,0,0,0,0,0,0,0,0,0,0,0,372.196,0,0,28781.5,0,1463.64,0,2553.46,1556.3,1.17846,2226.07,0,0,0,0,0,0,0,0,0,0,0,0,0,0.000665558,0,238.908,0,0,0,0,0,0.0287532,0,190.971,0,0,1128.76,11528.9,0,926.806,1000.17,0,-nan,0,0,2354.13,12294.9,0,2244.32,11616.7,0,-nan,0,0,2206.78,12405.7,0,-nan,0,0,-nan,0,0,-nan,0,0,-nan,0,0,-nan,0,0,-nan,0,0,-nan,0,0,-nan,0,0,-nan,0,0,0.000280002,555.336,0,0.160681,1.84467e+16,0,-nan,1.84467e+16,0,0.000322149,1284.28,0,28753.2,1570.78,1,5307.41,1,9160.69,665.558,0.00557457,0.00780081,0.00557534,0.0063982,0.00690775,0.0110538,0.0291537,0.00639786,0.00690741,0.0110499,0.0222236,30627,5,0,0,1,30626,5,0,3,2,0,0,0,0,0,0,0,0,0,0,0,0,0,0,0,0,0,0,0,0,0,0,0,0,30626,0,0,0,0,0,0,0,0,0,0,0,0,0,0,0,1,0,121577,0,0,
true,NO_WAIT,2,0,SERIALIZABLE,8,8,16,false,false,true,LOG_DVC_REDIS,TWO_PC,YCSB,0,0.5,16,30,0.5,10485760,0,release,1,COMPUTE_NODE,1,1016.65,240.02,169.372,0,0,0,0,0,0,0,0,0,0,0,0,0,0,0,313.718,0,0,16430.3,0,1464.16,0,2602.73,1485.16,0.948919,2279.02,0,0,0,0,0,0,0,0,0,0,0,0,0,0.000519487,0,238.89,0,0,0,0,0,0.0163905,0,183.1,0,0,1120.9,10440.1,0,871.735,1082.49,0,-nan,0,0,2414.26,12653.3,0,2325.63,8298.48,0,-nan,0,0,2262.09,11623,0,-nan,0,0,-nan,0,0,-nan,0,0,-nan,0,0,-nan,0,0,-nan,0,0,-nan,0,0,-nan,0,0,-nan,0,0,0.000289157,552.117,0,0.052487,1.84467e+16,0,-nan,1.84467e+16,0,0.000342602,1299.81,0,16390.5,1506.04,1,5307.88,1,9161.72,519.487,0.005553,0.00783221,0.00555336,0.00638314,0.0068756,0.0109161,0.0191116,0.00638304,0.00687553,0.0109069,0.0191116,30502,4,0,0,1,30501,4,0,2,2,0,0,0,0,0,0,0,0,0,0,0,0,0,0,0,0,0,0,0,0,0,0,0,0,30501,0,0,0,0,0,0,0,0,0,0,0,0,0,0,0,1,0,121577,0,0,
true,NO_WAIT,2,2,SERIALIZABLE,8,8,16,false,false,true,LOG_DVC_REDIS,ONE_PC,YCSB,0,0.5,16,30,0.5,10485760,0,release,2,COMPUTE_NODE,1,718.022,240.048,130.512,0,0,0,0,0,0,0,0,0,0,0,0,0,0,0,672.25,0,0,7601.74,0,1484.89,0,4571.13,0.225876,1.66278,5043.52,0,0,0,0,0,0,0,0,0,0,0,0,0,0.000484176,0,239.171,0,0,61.9876,0,0,0.00738996,0,61.2331,0,0,2842.59,29528.2,0,1441.22,1441.22,0,-nan,0,0,4426.48,31265.1,0,4301.03,26247,0,-nan,0,0,4796.85,30491.9,0,-nan,0,0,-nan,0,0,-nan,0,0,-nan,0,0,-nan,0,0,-nan,0,0,-nan,0,0,-nan,0,0,-nan,0,0,0.000888952,534.04,0,0.139761,1.84467e+16,0,-nan,1.84467e+16,0,0.000994336,2383.87,0,7389.96,1425.88,1,5305.24,1,9161.07,484.176,0.00605792,0.0111015,0.00605802,0.00729056,0.00765992,0.0105901,0.032605,0.00729047,0.00765946,0.0105901,0.032605,21545,3,0,0,1,21544,3,0,2,1,0,0,0,0,0,0,0,0,0,0,0,0,0,0,0,0,0,0,0,0,0,0,0,0,21544,0,0,0,0,0,0,0,0,0,0,0,0,42941,0,0,1,0,42944,0,0,1443.55
true,NO_WAIT,2,2,SERIALIZABLE,8,8,16,false,false,true,LOG_DVC_REDIS,ONE_PC,YCSB,0,0.5,16,30,0.5,10485760,0,release,2,COMPUTE_NODE,1,721.271,240.021,130.348,0,0,0,0,0,0,0,0,0,0,0,0,0,0,0,1075.83,0,0,4401.78,0,1476.13,0,4547.09,0.209607,0.309834,5029.47,0,0,0,0,0,0,0,0,0,0,0,0,0,0.000382016,0,239.182,0,0,58.3722,0,0,0.00425705,0,57.9061,0,0,2835.35,28956,0,947.497,947.497,0,-nan,0,0,4410.01,29878.4,0,4203.29,11070.3,0,-nan,0,0,4791.83,30364.2,0,-nan,0,0,-nan,0,0,-nan,0,0,-nan,0,0,-nan,0,0,-nan,0,0,-nan,0,0,-nan,0,0,-nan,0,0,0.0010225,523.554,0,0.137558,1.84467e+16,0,-nan,1.84467e+16,0,0.00103306,2349.22,0,4257.05,1348.41,1,5303.53,1,9158.63,382.016,0.00602374,0.0110533,0.00602371,0.00726971,0.00761871,0.0101215,0.0314163,0.00726971,0.00761871,0.0101215,0.0314163,21640,1,0,0,1,21639,1,0,0,1,0,0,0,0,0,0,0,0,0,0,0,0,0,0,0,0,0,0,0,0,0,0,0,0,21639,0,0,0,0,0,0,0,0,0,0,0,0,42941,0,0,1,0,42944,0,0,1359.36
true,NO_WAIT,2,0,SERIALIZABLE,8,8,16,false,false,true,LOG_DVC_REDIS,ONE_PC,YCSB,0,0.5,16,30,0.5,10485760,0,release,3,COMPUTE_NODE,1,989.065,240.033,144.733,0,0,0,0,0,0,0,0,0,0,0,0,0,0,0,283.176,0,0,25955.5,0,1609.36,0,3267.49,0.193143,0.241296,3175.4,0,0,0,0,0,0,0,0,0,0,0,0,0,0.00043832,0,238.969,0,0,103.838,0,0,0.0259249,0,96.7669,0,0,1311.39,2.8292e+06,0,708.402,708.402,0,-nan,0,0,3069.68,2.83244e+06,0,2347.47,6276.46,0,-nan,0,0,3019.53,2.83123e+06,0,-nan,0,0,-nan,0,0,-nan,0,0,-nan,0,0,-nan,0,0,-nan,0,0,-nan,0,0,-nan,0,0,-nan,0,0,0.0210314,541.854,0,0.122816,1.84467e+16,0,-nan,1.84467e+16,0,0.0615794,1392.5,0,25924.9,1655.15,1,5307.02,1,9163.38,438.32,0.00487729,0.00805287,0.00487801,0.00483497,0.00522837,0.009346,2.83371,0.00483478,0.00522766,0.00934298,2.83371,29676,2,0,0,1,29675,2,0,1,1,0,0,0,0,0,0,0,0,0,0,0,0,0,0,0,0,0,0,0,0,0,0,0,0,29675,0,0,0,0,0,0,0,0,0,0,0,0,58457,0,0,1,0,58464,0,0,1776.31
true,NO_WAIT,2,0,SERIALIZABLE,8,8,16,false,false,true,LOG_DVC_REDIS,ONE_PC,YCSB,0,0.5,16,30,0.5,10485760,0,release,3,COMPUTE_NODE,1,970.22,240.036,159.062,0,0,0,0,0,0,0,0,0,0,0,0,0,0,0,327.591,0,0,46563.6,0,1626.36,0,3837.34,0.189369,0.274418,2744.24,0,0,0,0,0,0,0,0,0,0,0,0,0,0.000489935,0,238.952,0,0,99.0847,0,0,0.046536,0,92.479,0,0,1307.89,2.8512e+06,0,1324.33,1324.33,0,-nan,0,0,3580.39,2.8507e+06,0,10140.2,2.43635e+06,0,-nan,0,0,2602.56,2.85229e+06,0,-nan,0,0,-nan,0,0,-nan,0,0,-nan,0,0,-nan,0,0,-nan,0,0,-nan,0,0,-nan,0,0,-nan,0,0,0.0215909,548.255,0,0.2869,1.84467e+16,0,-nan,1.84467e+16,0,0.0798941,1422.27,0,46536,1581.95,1,5303.91,1,9160.51,489.935,0.00546416,0.0082086,0.00546559,0.00493841,0.00537244,0.00948294,2.85528,0.00493841,0.0053721,0.00947812,2.85528,29111,1,0,0,1,29110,1,0,0,1,0,0,0,0,0,0,0,0,0,0,0,0,0,0,0,0,0,0,0,0,0,0,0,0,29110,0,0,0,0,0,0,0,0,0,0,0,0,58462,0,0,1,0,58459,0,0,1694.86
true,NO_WAIT,2,2,SERIALIZABLE,8,8,16,false,false,true,LOG_DVC_REDIS,TWO_PC,YCSB,0,0.5,16,30,0.5,10485760,1,release,4,COMPUTE_NODE,1,662.02,240.041,153.173,0,0,0,0,0,0,0,0,0,0,0,0,0,0,0,847.388,0,0,14869.9,0,1472.19,0,4207.03,2032.23,0,4334,0,0,0,0,0,0,0,0,0,0,0,0,0,0.000430232,0,239.26,0,0,0,0,0,0.0146889,0,111.445,0,0,2641.32,126289,0,-nan,0,0,-nan,0,0,4059.17,30727.2,0,3848.25,28054.6,0,-nan,0,0,4340.89,121915,0,-nan,0,0,-nan,0,0,-nan,0,0,-nan,0,0,-nan,0,0,-nan,0,0,-nan,0,0,-nan,0,0,-nan,0,0,0.00459057,567.74,0,inf,1.84467e+16,0,-nan,1.84467e+16,0,0.00108713,2198.66,0,14688.9,1408.65,1,5303.25,1,9162.45,430.232,0.00771146,0.0120455,0.00771186,0.00898366,0.00960618,0.0123614,0.12804,0.00898332,0.00960179,0.01234,0.12804,19864,0,0,0,1,19863,0,0,0,0,0,0,0,0,0,0,0,0,0,0,0,0,0,0,0,0,0,0,0,0,0,0,0,0,19863,0,0,0,0,0,0,0,0,0,0,0,0,0,0,0,1,0,79115,0,0,
true,NO_WAIT,2,2,SERIALIZABLE,8,8,16,false,false,true,LOG_DVC_REDIS,TWO_PC,YCSB,0,0.5,16,30,0.5,10485760,1,release,4,COMPUTE_NODE,1,664.038,240.059,152.213,0,0,0,0,0,0,0,0,0,0,0,0,0,0,0,426.153,0,0,3836.56,0,1416.18,0,4220.05,2001.92,1.12264,4370.88,0,0,0,0,0,0,0,0,0,0,0,0,0,0.000630443,0,239.304,0,0,0,0,0,0.00363954,0,107.135,0,0,2614.15,33316.8,0,-nan,0,0,-nan,0,0,4083.48,147524,0,3844.34,7119.16,0,-nan,0,0,4380.72,147207,0,-nan,0,0,-nan,0,0,-nan,0,0,-nan,0,0,-nan,0,0,-nan,0,0,-nan,0,0,-nan,0,0,-nan,0,0,0.000863061,524.817,0,inf,1.84467e+16,0,-nan,1.84467e+16,0,0.0030111,2265.9,0,3639.54,1354.17,1,5303.06,1,9162.14,630.443,0.00763928,0.0120102,0.00763911,0.00889607,0.00948197,0.012203,0.15111,0.00889607,0.00948197,0.012203,0.15111,19926,2,0,0,1,19925,2,0,2,0,0,0,0,0,0,0,0,0,0,0,0,0,0,0,0,0,0,0,0,0,0,0,0,0,19925,0,0,0,0,0,0,0,0,0,0,0,0,0,0,0,1,0,79115,0,0,
true,NO_WAIT,2,0,SERIALIZABLE,8,8,16,false,false,true,LOG_DVC_REDIS,TWO_PC,YCSB,0,0.5,16,30,0.5,10485760,1,release,5,COMPUTE_NODE,1,938.444,240.023,162.217,0,0,0,0,0,0,0,0,0,0,0,0,0,0,0,411.216,0,0,34496.1,0,1488.48,0,2723.19,1548.63,1.25979,2727.07,0,0,0,0,0,0,0,0,0,0,0,0,0,0.00051776,0,239.002,0,0,0,0,0,0.0344498,0,175.495,0,0,1201.59,1.86827e+06,0,907.492,907.492,0,-nan,0,0,2523.99,840016,0,2240.08,7003.14,0,-nan,0,0,2714.61,1.87063e+06,0,-nan,0,0,-nan,0,0,-nan,0,0,-nan,0,0,-nan,0,0,-nan,0,0,-nan,0,0,-nan,0,0,-nan,0,0,0.0147087,532.934,0,0.25958,1.84467e+16,0,-nan,1.84467e+16,0,0.0165322,1285.39,0,34449.8,1569.43,1,5304.5,1,9160.97,517.76,0.00576156,0.00848879,0.0057626,0.00623331,0.00672266,0.011167,1.87249,0.00623325,0.00672144,0.011156,1.87249,28156,3,0,0,1,28155,3,0,2,1,0,0,0,0,0,0,0,0,0,0,0,0,0,0,0,0,0,0,0,0,0,0,0,0,28155,0,0,0,0,0,0,0,0,0,0,0,0,0,0,0,1,0,111821,0,0,
true,NO_WAIT,2,0,SERIALIZABLE,8,8,16,false,false,true,LOG_DVC_REDIS,TWO_PC,YCSB,0,0.5,16,30,0.5,10485760,1,release,5,COMPUTE_NODE,1,935.581,240.039,164.321,0,0,0,0,0,0,0,0,0,0,0,0,0,0,0,416.429,0,0,111761,0,1487.54,0,2853.5,1512.46,0.25071,2658.68,0,0,0,0,0,0,0,0,0,0,0,0,0,0.000469724,0,238.957,0,0,0,0,0,0.111703,0,171.504,0,0,1197.53,1.87314e+06,0,-nan,0,0,-nan,0,0,2672.23,1.87166e+06,0,2312.56,7246.35,0,-nan,0,0,2647.27,1.87241e+06,0,-nan,0,0,-nan,0,0,-nan,0,0,-nan,0,0,-nan,0,0,-nan,0,0,-nan,0,0,-nan,0,0,-nan,0,0,0.0139332,511.427,0,-nan,1.84467e+16,0,-nan,1.84467e+16,0,0.0256492,1283.31,0,111703,1533.75,1,5304.72,1,9160.41,469.724,0.00585375,0.00851261,0.00585754,0.00623427,0.00674779,0.0112524,1.87807,0.00623406,0.00674726,0.0112277,1.87807,28072,1,0,0,1,28071,1,0,1,0,0,0,0,0,0,0,0,0,0,0,0,0,0,0,0,0,0,0,0,0,0,0,0,0,28071,0,0,0,0,0,0,0,0,0,0,0,0,0,0,0,1,0,111820,0,0,
true,NO_WAIT,2,2,SERIALIZABLE,8,8,16,false,false,true,LOG_DVC_REDIS,ONE_PC,YCSB,0,0.5,16,30,0.5,10485760,1,release,6,COMPUTE_NODE,1,725.906,240.031,128.124,0,0,0,0,0,0,0,0,0,0,0,0,0,0,0,408.318,0,0,4116.01,0,1352.85,0,4528.97,0.212882,0.895768,5099.89,0,0,0,0,0,0,0,0,0,0,0,0,0,0.000597778,0,239.197,0,0,62.2721,0,0,0.00395788,0,60.9939,0,0,2853.96,29524.7,0,688.784,688.784,0,-nan,0,0,4392.33,39185,0,4219.89,9791.08,0,-nan,0,0,4861.45,38081.8,0,-nan,0,0,-nan,0,0,-nan,0,0,-nan,0,0,-nan,0,0,-nan,0,0,-nan,0,0,-nan,0,0,-nan,0,0,0.00083782,528.584,0,0.0999983,1.84467e+16,0,-nan,1.84467e+16,0,0.00112748,2309.1,0,3957.88,1407.14,1,5301.82,1,9158.96,597.778,0.00588293,0.0109829,0.00588287,0.00710887,0.00748543,0.0102743,0.0402719,0.00710887,0.00748543,0.0102743,0.0402719,21780,2,0,0,1,21779,2,0,1,1,0,0,0,0,0,0,0,0,0,0,0,0,0,0,0,0,0,0,0,0,0,0,0,0,21779,0,0,0,0,0,0,0,0,0,0,0,0,43349,0,0,1,0,43346,0,0,1436.53
true,NO_WAIT,2,2,SERIALIZABLE,8,8,16,false,false,true,LOG_DVC_REDIS,ONE_PC,YCSB,0,0.5,16,30,0.5,10485760,1,release,6,COMPUTE_NODE,1,727.08,240.029,128.33,0,0,0,0,0,0,0,0,0,0,0,0,0,0,0,-nan,-nan,-nan,-nan,-nan,1338.2,0,4543.12,0.215815,1.10905,5082.46,0,0,0,0,0,0,0,0,0,0,0,0,0,0.000579513,0,239.205,0,0,60.2491,0,0,0,0,58.7523,0,0,2842.24,26382.4,0,919.521,1085.92,0,-nan,0,0,4408.41,27023.6,0,4317.62,10447.6,0,-nan,0,0,4848.21,30036.6,0,-nan,0,0,-nan,0,0,-nan,0,0,-nan,0,0,-nan,0,0,-nan,0,0,-nan,0,0,-nan,0,0,-nan,0,0,0.000708732,531.058,0,0.0855864,1.84467e+16,0,-nan,1.84467e+16,0,0.000877965,2411.63,0,3957.88,1355.21,1,5300.3,1,9156.61,579.513,0.00588264,0.0109652,0.00588264,0.00707461,0.00743644,0.0104607,0.028207,0.00707461,0.00743644,0.0104607,0.028207,21815,3,0,0,0,21815,3,0,1,2,0,0,0,0,0,0,0,0,0,0,0,0,0,0,0,0,0,0,0,0,0,0,0,0,21815,0,0,0,0,0,0,0,0,0,0,0,0,43343,0,0,0,0,43353,0,0,1390.05
true,NO_WAIT,2,0,SERIALIZABLE,8,8,16,false,false,true,LOG_DVC_REDIS,ONE_PC,YCSB,0,0.5,16,30,0.5,10485760,1,release,7,COMPUTE_NODE,1,832.591,240.022,148.867,0,0,0,0,0,0,0,0,0,0,0,0,0,0,0,397.628,0,0,119772,0,2139.09,0,3818.81,0.201236,1.60655,3608.95,0,0,0,0,0,0,0,0,0,0,0,0,0,0.000395694,0,239.02,0,0,88.1477,0,0,0.119738,0,81.9755,0,0,1831.69,2.92483e+06,0,762.519,1099.46,0,-nan,0,0,3622.02,2.92582e+06,0,2467.39,10011.6,0,-nan,0,0,3455.81,2.92429e+06,0,-nan,0,0,-nan,0,0,-nan,0,0,-nan,0,0,-nan,0,0,-nan,0,0,-nan,0,0,-nan,0,0,-nan,0,0,0.0426207,543.704,0,0.175372,1.84467e+16,0,-nan,1.84467e+16,0,0.0863295,1414.08,0,119738,1655.6,1,5301.39,1,9158.48,395.694,0.0059597,0.00956883,0.00596428,0.0048948,0.00532923,0.00972666,2.92819,0.00489473,0.00532892,0.00972039,2.92819,24980,5,0,0,1,24979,5,0,1,4,0,0,0,0,0,0,0,0,0,0,0,0,0,0,0,0,0,0,0,0,0,0,0,0,24979,0,0,0,0,0,0,0,0,0,0,0,0,49508,0,0,1,0,49514,0,0,1780.47
true,NO_WAIT,2,0,SERIALIZABLE,8,8,16,false,false,true,LOG_DVC_REDIS,ONE_PC,YCSB,0,0.5,16,30,0.5,10485760,1,release,7,COMPUTE_NODE,1,826.97,240.038,146.432,0,0,0,0,0,0,0,0,0,0,0,0,0,0,0,265.668,0,0,111039,0,1761.72,0,4138.86,0.178742,0.903739,3732.74,0,0,0,0,0,0,0,0,0,0,0,0,0,0.000485551,0,239.054,0,0,86.065,0,0,0.111,0,79.6122,0,0,1476.11,2.81977e+06,0,847.883,1055.86,0,-nan,0,0,3966.48,2.92636e+06,0,2409.76,8825.98,0,-nan,0,0,3600.5,2.92649e+06,0,-nan,0,0,-nan,0,0,-nan,0,0,-nan,0,0,-nan,0,0,-nan,0,0,-nan,0,0,-nan,0,0,-nan,0,0,0.0394534,541.984,0,0.183049,1.84467e+16,0,-nan,1.84467e+16,0,0.0765251,1405,0,111000,1607.97,1,5300.45,1,9158.94,485.551,0.00590166,0.00963459,0.0059059,0.00488707,0.00530617,0.00981961,2.92775,0.00488696,0.00530597,0.00980253,2.92775,24813,2,0,0,1,24812,2,0,0,2,0,0,0,0,0,0,0,0,0,0,0,0,0,0,0,0,0,0,0,0,0,0,0,0,24812,0,0,0,0,0,0,0,0,0,0,0,0,49509,0,0,1,0,49511,0,0,1738.37
true,NO_WAIT,2,2,SERIALIZABLE,8,8,16,false,false,true,LOG_DVC_REDIS,TWO_PC,YCSB,0,0.5,16,30,0.5,10485760,2,release,8,COMPUTE_NODE,1,651.814,240.044,156.498,0,0,0,0,0,0,0,0,0,0,0,0,0,0,0,517.906,0,0,1620.2,0,1653.05,0,4196.38,2151.58,1.12575,4233.48,0,0,0,0,0,0,0,0,0,0,0,0,0,0.000482536,0,239.293,0,0,0,0,0,0.00105423,0,110.791,0,0,2655.42,846524,0,1727.24,1727.24,0,-nan,0,0,4047.86,845563,0,3741.32,12675.2,0,-nan,0,0,4239.2,30210.5,0,-nan,0,0,-nan,0,0,-nan,0,0,-nan,0,0,-nan,0,0,-nan,0,0,-nan,0,0,-nan,0,0,-nan,0,0,0.0274241,570.152,0,0.189225,1.84467e+16,0,-nan,1.84467e+16,0,0.00569469,2138.2,0,1054.23,1422.71,1,5303.11,1,9161.92,482.536,0.00800213,0.0122357,0.00800183,0.00902182,0.00966411,0.0128328,0.855124,0.00902182,0.00966411,0.0128328,0.855124,19558,2,0,0,1,19557,2,0,1,1,0,0,0,0,0,0,0,0,0,0,0,0,0,0,0,0,0,0,0,0,0,0,0,0,19557,0,0,0,0,0,0,0,0,0,0,0,0,0,0,0,1,0,77873,0,0,
true,NO_WAIT,2,2,SERIALIZABLE,8,8,16,false,false,true,LOG_DVC_REDIS,TWO_PC,YCSB,0,0.5,16,30,0.5,10485760,2,release,8,COMPUTE_NODE,1,653.387,240.054,156.031,0,0,0,0,0,0,0,0,0,0,0,0,0,0,0,435.048,0,0,3486.85,0,1595.72,0,4215.95,2145.87,1.21902,4247.69,0,0,0,0,0,0,0,0,0,0,0,0,0,0.000435954,0,239.309,0,0,0,0,0,0.00329116,0,107.568,0,0,2636.24,846704,0,500.925,500.925,0,-nan,0,0,4072.98,844942,0,3711.92,9809.16,0,-nan,0,0,4255.5,31058.3,0,-nan,0,0,-nan,0,0,-nan,0,0,-nan,0,0,-nan,0,0,-nan,0,0,-nan,0,0,-nan,0,0,-nan,0,0,0.0229757,534.657,0,5.21801,1.84467e+16,0,-nan,1.84467e+16,0,0.0102447,2082.83,0,3291.16,1381.33,1,5303.66,1,9161.77,435.954,0.00795875,0.0122065,0.00795855,0.00895826,0.00956662,0.0130698,0.859761,0.00895826,0.00956662,0.0130698,0.859761,19606,2,0,0,1,19605,2,0,1,1,0,0,0,0,0,0,0,0,0,0,0,0,0,0,0,0,0,0,0,0,0,0,0,0,19605,0,0,0,0,0,0,0,0,0,0,0,0,0,0,0,1,0,77873,0,0,
true,NO_WAIT,2,2,SERIALIZABLE,8,8,16,false,false,true,LOG_DVC_REDIS,ONE_PC,YCSB,0,0.5,16,30,0.5,10485760,2,release,10,COMPUTE_NODE,1,744.485,240.037,130.135,0,0,0,0,0,0,0,0,0,0,0,0,0,0,0,439.188,0,0,32772.6,0,1429.73,0,4395.41,0.216063,0.638183,4880.19,0,0,0,0,0,0,0,0,0,0,0,0,0,0.000490146,0,239.146,0,0,64.6653,0,0,0.0325956,0,63.8223,0,0,2747.42,28915,0,772.949,781.168,0,-nan,0,0,4251.57,27417.3,0,3956.18,9401.87,0,-nan,0,0,4629.53,29489.5,0,-nan,0,0,-nan,0,0,-nan,0,0,-nan,0,0,-nan,0,0,-nan,0,0,-nan,0,0,-nan,0,0,-nan,0,0,0.000875099,541.714,0,0.111724,1.84467e+16,0,-nan,1.84467e+16,0,0.000880202,2269.67,0,32595.7,1436.05,1,5300.03,1,9156.47,490.146,0.00582599,0.0107063,0.00582722,0.0069869,0.00734635,0.0102407,0.0332118,0.00698678,0.00734484,0.0102356,0.0289496,22338,2,0,0,1,22337,2,0,0,2,0,0,0,0,0,0,0,0,0,0,0,0,0,0,0,0,0,0,0,0,0,0,0,0,22337,0,0,0,0,0,0,0,0,0,0,0,0,44445,0,0,1,0,44443,0,0,1454.95
true,NO_WAIT,2,2,SERIALIZABLE,8,8,16,false,false,true,LOG_DVC_REDIS,ONE_PC,YCSB,0,0.5,16,30,0.5,10485760,2,release,10,COMPUTE_NODE,1,745.311,240.039,130.503,0,0,0,0,0,0,0,0,0,0,0,0,0,0,0,-nan,-nan,-nan,-nan,-nan,1446.63,0,4387.89,0.214957,0.91642,4859.37,0,0,0,0,0,0,0,0,0,0,0,0,0,0.00049873,0,239.175,0,0,61.655,0,0,0,0,61.0869,0,0,2742.59,28744.4,0,755.54,821.481,0,-nan,0,0,4249.47,29426.1,0,4184.55,26894.6,0,-nan,0,0,4619.82,28069.1,0,-nan,0,0,-nan,0,0,-nan,0,0,-nan,0,0,-nan,0,0,-nan,0,0,-nan,0,0,-nan,0,0,-nan,0,0,0.000927128,515.482,0,0.240536,1.84467e+16,0,-nan,1.84467e+16,0,0.000890913,2261.86,0,32595.7,1374.34,1,5298.69,1,9155.1,498.73,0.00583565,0.0106951,0.00583565,0.00699773,0.00736239,0.010033,0.0308551,0.00699773,0.00736239,0.010033,0.0308551,22363,3,0,0,0,22363,3,0,0,3,0,0,0,0,0,0,0,0,0,0,0,0,0,0,0,0,0,0,0,0,0,0,0,0,22363,0,0,0,0,0,0,0,0,0,0,0,0,44441,0,0,0,0,44448,0,0,1387.35
true,NO_WAIT,2,0,SERIALIZABLE,8,8,16,false,false,true,LOG_DVC_REDIS,ONE_PC,YCSB,0,0.5,16,30,0.5,10485760,2,release,11,COMPUTE_NODE,1,1214.56,240.022,147.602,0,0,0,0,0,0,0,0,0,0,0,0,0,0,0,350.638,0,0,94506.7,0,1376.4,0,2673.76,0.195125,0.299863,2499.02,0,0,0,0,0,0,0,0,0,0,0,0,0,0.000457478,0,238.67,0,0,126.644,0,0,0.0944728,0,119.256,0,0,1101.66,10972.3,0,1148.45,1148.45,0,-nan,0,0,2483.64,24637.9,0,2457.15,8796.98,0,-nan,0,0,2336.8,24838.6,0,-nan,0,0,-nan,0,0,-nan,0,0,-nan,0,0,-nan,0,0,-nan,0,0,-nan,0,0,-nan,0,0,-nan,0,0,0.000208057,542.52,0,0.11137,1.84467e+16,0,-nan,1.84467e+16,0,0.000478471,1410.95,0,94472.8,1655.38,1,5300.67,1,9153.11,457.478,0.00405066,0.00654984,0.00405315,0.0047208,0.0050446,0.00857338,0.0948573,0.00472048,0.00504446,0.00857238,0.0260755,36440,2,0,0,1,36439,2,0,1,1,0,0,0,0,0,0,0,0,0,0,0,0,0,0,0,0,0,0,0,0,0,0,0,0,36439,0,0,0,0,0,0,0,0,0,0,0,0,72037,0,0,1,0,72041,0,0,1758.05
true,NO_WAIT,2,0,SERIALIZABLE,8,8,16,false,false,true,LOG_DVC_REDIS,ONE_PC,YCSB,0,0.5,16,30,0.5,10485760,2,release,11,COMPUTE_NODE,1,1199.7,240.027,147.615,0,0,0,0,0,0,0,0,0,0,0,0,0,0,0,339.596,0,0,62094.8,0,1369.09,0,2731.27,0.181463,0.560496,2530.45,0,0,0,0,0,0,0,0,0,0,0,0,0,0.000502392,0,238.704,0,0,121.981,0,0,0.0619389,0,114.332,0,0,1067.23,9533.1,0,1256.76,1256.76,0,-nan,0,0,2552.03,12639.2,0,2556.38,10480.3,0,-nan,0,0,2390.81,12553.2,0,-nan,0,0,-nan,0,0,-nan,0,0,-nan,0,0,-nan,0,0,-nan,0,0,-nan,0,0,-nan,0,0,-nan,0,0,0.000217131,506.833,0,0.272262,1.84467e+16,0,-nan,1.84467e+16,0,0.000283399,1431.79,0,61938.9,1587.06,1,5302,1,9151.98,502.392,0.0041011,0.00663177,0.00410272,0.00476438,0.00508802,0.00885059,0.0624344,0.00476426,0.00508757,0.00884703,0.017836,35995,2,0,0,1,35994,2,0,1,1,0,0,0,0,0,0,0,0,0,0,0,0,0,0,0,0,0,0,0,0,0,0,0,0,35994,0,0,0,0,0,0,0,0,0,0,0,0,72038,0,0,1,0,72040,0,0,1693.28
